Title,Cuisine,Menu,Weekdays,Sunday,Area,Rating,Reviews,Yelp
'21' Club,American Traditional,True,LD,None,Midtown West,3.5,393,http://www.yelp.com/biz/21-club-new-york
2 West,American New,True,LD,None,Financial District,3.0,41,http://www.yelp.com/biz/2west-new-york
A Voce Columbus,Italian,False,L,None,Upper West Side,3.5,367,http://www.yelp.com/biz/a-voce-new-york-3
A Voce Madison,Italian,True,L,None,NoMad,3.5,246,http://www.yelp.com/biz/a-voce-new-york
Abboccato Italian Kitchen,Italian,True,LD,D,Midtown West,3.5,119,http://www.yelp.com/biz/abboccato-new-york
Acme,American New,True,D,D,NoHo,3.5,256,http://www.yelp.com/biz/acme-new-york
Ai Fiori,Italian,True,L,None,Midtown West,4.0,683,http://www.yelp.com/biz/ai-fiori-new-york
All'onda,Italian,True,D,D,Union Square,4.0,188,http://www.yelp.com/biz/allonda-new-york
Altesi Ristorante,Italian,True,L,None,Upper East Side,4.0,9,http://www.yelp.com/biz/altesi-ristorante-new-york
American Cut,Steakhouse,True,D,None,TriBeCa,4.0,182,http://www.yelp.com/biz/american-cut-new-york
The Americano,French,True,LD,None,Chelsea,4.5,65,http://www.yelp.com/biz/cafe-madeleine-boston-2
Amma Restaurant,Indian,False,LD,D,Midtown East,4.0,311,http://www.yelp.com/biz/amma-new-york
Ammos Estiatorio - Grand Central,Seafood,False,D,None,Midtown East,3.0,118,http://www.yelp.com/biz/ammos-estiatorio-new-york-3
Anassa Taverna,Greek,True,LD,D,Upper East Side,3.5,94,http://www.yelp.com/biz/anassa-taverna-new-york
Andanada,Spanish,True,D,D,Upper West Side,3.5,152,http://www.yelp.com/biz/andanada-new-york-3
Angus Club Steakhouse,Steakhouse,True,LD,D,Midtown East,4.0,76,http://www.yelp.com/biz/angus-club-steakhouse-new-york
Aretsky's Patroon,American New,True,D,None,Midtown East,4.0,110,http://www.yelp.com/biz/aretskys-patroon-new-york
Arlington Club,American New,True,LD,None,Upper East Side,3.0,145,http://www.yelp.com/biz/arlington-club-new-york-2
Armani/Ristorante,Italian,True,D,None,Midtown East,3.5,111,http://www.yelp.com/biz/armani-ristorante-new-york
Artisanal Fromagerie & Bistro,French,True,LD,D,Midtown East,3.5,798,http://www.yelp.com/biz/artisanal-fromagerie-bistro-new-york-3
Asellina,Italian,True,LD,None,NoMad,3.5,250,http://www.yelp.com/biz/asellina-new-york
Asia de Cuba,Asian Fusion,True,LD,None,NoHo,4.0,54,http://www.yelp.com/biz/asia-de-cuba-new-york-2
Atlantic Grill at Lincoln Center,Seafood,True,LD,None,Upper West Side,4.0,314,http://www.yelp.com/biz/atlantic-grill-new-york-3
Atlantic Grill East Side,Seafood,True,LD,None,Upper East Side,3.5,370,http://www.yelp.com/biz/atlantic-grill-new-york-2
Atrio Wine Bar Restaurant,Mediterranean,True,LD,D,Battery Park City,3.0,44,http://www.yelp.com/biz/atrio-wine-bar-restaurant-new-york
Auden Bistro & Bar,American New,True,LD,D,Midtown West,4.0,10,http://www.yelp.com/biz/auden-bistro-and-bar-new-york
Aureole - Liberty Room,American New,True,LD,D,Times Square,4.0,508,http://www.yelp.com/biz/aureole-new-york
Avaton Estiatorio,Greek,True,LD,D,Midtown East,None,None,None
The Back Room at One57,American New,True,LD,D,Midtown West,4.0,38,http://www.yelp.com/biz/the-back-room-new-york-7
Bann,Korean,True,LD,D,Hell's Kitchen,3.5,388,http://www.yelp.com/biz/bann-restaurant-new-york-4
Bar Boulud,French,True,LD,D,Upper West Side,3.5,580,http://www.yelp.com/biz/bar-boulud-new-york
Bar Eolo: Sicilian Kitchen & Wines,Italian,False,LD,D,Chelsea,3.0,117,http://www.yelp.com/biz/bar-eolo-sicilian-kitchen-and-wines-new-york
Bar Italia,Italian,True,LD,None,Upper East Side,3.5,54,http://www.yelp.com/biz/bar-italia-madison-manhattan
Bar Primi,Italian,True,LD,D,East Village,3.5,160,http://www.yelp.com/biz/bar-primi-new-york-3
Barbetta,Italian,True,LD,D,Times Square,3.0,98,http://www.yelp.com/biz/barbetta-new-york
Barbounia,Mediterranean,True,LD,D,Gramercy,3.5,726,http://www.yelp.com/biz/barbounia-new-york
Barraca,Spanish,True,LD,D,West Village,3.5,259,http://www.yelp.com/biz/barraca-new-york
Beautique,American New,True,D,None,Midtown West,3.5,66,http://www.yelp.com/biz/beautique-new-york-2
Beauty & Essex,American New,True,D,D,Lower East Side,4.0,1709,http://www.yelp.com/biz/beauty-and-essex-new-york
Bello Restaurant,Italian,True,LD,D,Hell's Kitchen,3.5,72,http://www.yelp.com/biz/bello-restaurant-new-york
Ben & Jack's Steakhouse on 5th,Steakhouse,False,LD,D,NoMad,3.5,172,http://www.yelp.com/biz/ben-and-jacks-steakhouse-new-york-2
Benares-Midtown,Indian,True,D,D,Midtown West,None,None,None
Benares-Tribeca,Indian,True,D,D,TriBeCa,None,None,None
Benchmark Restaurant,American New,False,LD,D,Park Slope,3.5,298,http://www.yelp.com/biz/benchmark-brooklyn
Benoit Restaurant & Bar,French,False,LD,D,Midtown West,3.5,244,http://www.yelp.com/biz/benoit-new-york
Bill's Food & Drink,American New,True,D,None,Midtown East,3.5,68,http://www.yelp.com/biz/bills-food-and-drink-new-york
Birreria at Eataly,Italian,True,L,None,Flatiron District,3.0,688,http://www.yelp.com/biz/birreria-new-york-3
Bleecker Kitchen & Co.,American New,True,LD,D,NoHo,3.5,103,http://www.yelp.com/biz/bleecker-kitchen-and-co-new-york-3
Blenheim,American New,True,LD,D,West Village,3.5,76,http://www.yelp.com/biz/blenheim-new-york-3
BLT Bar & Grill,American New,True,LD,D,Financial District,3.0,168,http://www.yelp.com/biz/blt-bar-and-grill-new-york
Blue Fin,Seafood,True,LD,None,Times Square,3.5,644,http://www.yelp.com/biz/blue-fin-new-york
Blue Smoke - Battery Park City,American Traditional,True,LD,D,Battery Park City,3.5,292,http://www.yelp.com/biz/blue-smoke-new-york-4
Blue Smoke - Flatiron,Barbecue,True,LD,D,NoMad,3.5,1206,http://www.yelp.com/biz/blue-smoke-new-york
Blue Water Grill,Seafood,True,LD,None,Union Square,4.0,697,http://www.yelp.com/biz/east-coast-grill-cambridge
Bo's Kitchen & Bar Room,American New,True,LD,None,Flatiron District,4.0,143,http://www.yelp.com/biz/bos-kitchen-and-bar-room-new-york-2
Bobby Van's Grill - West 45th Street,Steakhouse,True,LD,D,Times Square,3.0,113,http://www.yelp.com/biz/bobby-vans-steakhouse-new-york-12
Bobby Van's Grill - West 50th Street,Steakhouse,True,LD,D,Times Square,3.5,189,http://www.yelp.com/biz/bobby-vans-steakhouse-new-york-13
Bobby Van's Steakhouse & Grill - Broad Street,Steakhouse,True,LD,None,Financial District,3.5,221,http://www.yelp.com/biz/bobby-vans-steakhouse-new-york-3
Bobby Van's Steakhouse - East 54th Street,Steakhouse,True,LD,None,Midtown East,4.0,1117,http://www.yelp.com/biz/quality-meats-new-york
Bocca Restaurant & Bar,Italian,True,LD,D,Gramercy,2.5,74,http://www.yelp.com/biz/andreas-restaurant-metairie
Bodega Negra at Dream Downtown,Mexican,True,D,D,Chelsea,3.5,352,http://www.yelp.com/biz/casa-romero-boston
Boulud Sud,Mediterranean,True,LD,D,Upper West Side,4.0,381,http://www.yelp.com/biz/boulud-sud-new-york
Brasserie,French,True,LD,D,Midtown East,3.5,349,http://www.yelp.com/biz/brasserie-new-york
Brasserie 8 1/2,French,True,LD,D,Midtown West,3.5,273,http://www.yelp.com/biz/brasserie-8-1-2-new-york-2
Brasserie Cognac,French,True,LD,D,Midtown West,3.5,197,http://www.yelp.com/biz/brasserie-cognac-new-york-2
Brasserie Ruhlmann,French,True,D,None,Midtown West,3.5,151,http://www.yelp.com/biz/brasserie-ruhlmann-new-york
Bread & Tulips,Italian,True,LD,None,NoMad,3.5,138,http://www.yelp.com/biz/bread-and-tulips-new-york
Burke & Wills,Australian,True,LD,D,Upper West Side,4.0,164,http://www.yelp.com/biz/burke-and-wills-new-york
Butter Midtown,American New,False,LD,None,Midtown West,3.5,305,http://www.yelp.com/biz/butter-midtown-new-york
BV's Grill,Steakhouse,False,LD,None,Midtown East,3.5,29,http://www.yelp.com/biz/bvs-grill-new-york
Ca Va Brasserie,French,False,LD,None,Times Square,3.0,194,http://www.yelp.com/biz/%C3%A7a-va-brasserie-new-york-2
Cafe Boulud,French,True,L,None,Upper East Side,4.0,407,http://www.yelp.com/biz/cafe-boulud-new-york
Cafe Centro,French,True,LD,None,Midtown East,3.5,77,http://www.yelp.com/biz/caf%C3%A9-centro-new-york-2
Cafe D'Alsace,French,True,LD,D,Upper East Side,4.0,669,http://www.yelp.com/biz/cafe-d-alsace-new-york
Caffe Storico,Italian,True,LD,D,Upper West Side,4.0,120,http://www.yelp.com/biz/caffe-storico-new-york
Calle Ocho,Latin American,False,D,D,Upper West Side,4.0,1690,http://www.yelp.com/biz/calle-ocho-new-york
The Capital Grille Chrysler Center,Steakhouse,True,LD,D,Midtown East,4.0,482,http://www.yelp.com/biz/the-capital-grille-new-york
The Capital Grille Time Life,Steakhouse,False,LD,D,Times Square,4.0,460,http://www.yelp.com/biz/the-capital-grille-new-york-2
The Capital Grille Wall Street,Steakhouse,True,LD,None,Financial District,4.0,302,http://www.yelp.com/biz/the-capital-grille-new-york-3
Caravaggio,Italian,True,L,None,Upper East Side,3.5,45,http://www.yelp.com/biz/caravaggio-new-york
Casa Lever,Italian,True,D,None,Midtown East,3.5,122,http://www.yelp.com/biz/casa-lever-new-york
Casa Mono & Bar Jamon,Spanish,True,L,None,Gramercy,4.0,847,http://www.yelp.com/biz/casa-mono-new-york
Casa Nonna,Italian,True,LD,D,Midtown West,4.0,194,http://www.yelp.com/biz/casa-nonna-new-york-2
Catch NYC,Seafood,False,L,None,Meatpacking District,3.5,665,http://www.yelp.com/biz/catch-new-york-3
The Cecil,African,True,D,D,Harlem,4.0,305,http://www.yelp.com/biz/the-cecil-new-york-5
Charlie Palmer Steak,Steakhouse,True,LD,None,Midtown East,4.0,50,http://www.yelp.com/biz/charlie-palmer-steak-manhattan
Chefs Club by Food & Wine,American New,False,D,D,NoLIta,4.0,104,http://www.yelp.com/biz/chefs-club-by-food-and-wine-ny-new-york
Cherry,Japanese,True,D,None,Chelsea,3.5,44,http://www.yelp.com/biz/cherry-mart-boston
Cherry Izakaya,Japanese,False,D,D,Williamsburg,4.5,90,http://www.yelp.com/biz/nara-sushi-japanese-restaurant-virginia-beach
Chez Josephine,French,False,D,D,Hell's Kitchen,3.5,215,http://www.yelp.com/biz/chez-josephine-new-york
China Grill,Asian Fusion,True,LD,D,Midtown West,3.5,330,http://www.yelp.com/biz/china-grill-new-york
Church & Dey,American New,False,LD,None,Financial District,2.5,16,http://www.yelp.com/biz/church-and-dey-new-york
Churrascaria Plataforma,Brazilian,True,L,None,Midtown West,4.0,807,http://www.yelp.com/biz/churrascaria-plataforma-new-york-3
Cipriani Dolci,Italian,True,LD,D,Midtown East,2.5,134,http://www.yelp.com/biz/cipriani-dolci-new-york
Cipriani Wall Street,Italian,True,LD,None,Financial District,3.0,127,http://www.yelp.com/biz/cipriani-wall-street-new-york-2
Circo,Italian,True,LD,D,Midtown West,3.5,146,http://www.yelp.com/biz/circo-new-york
City Crab & Seafood Company,Seafood,True,LD,D,Gramercy,4.0,49,http://www.yelp.com/biz/b-and-c-seafood-market-and-cajun-restaurant-vacherie
City Hall Restaurant,American Traditional,False,LD,None,TriBeCa,3.5,164,http://www.yelp.com/biz/city-hall-restaurant-new-york-2
City Lobster & Steak,Seafood,True,LD,D,Midtown West,3.0,437,http://www.yelp.com/biz/city-lobster-and-steak-new-york
City Mussels,Seafood,False,LD,D,Midtown West,4.0,517,http://www.yelp.com/biz/flex-mussels-new-york-2
Clement,American New,True,LD,None,Midtown West,4.0,45,http://www.yelp.com/biz/clement-new-york-13
Co-Op Food & Drink,American New,False,D,None,Lower East Side,3.0,161,http://www.yelp.com/biz/co-op-food-and-drink-new-york-2
Costata,Italian,True,L,None,SoHo,4.0,128,http://www.yelp.com/biz/costata-new-york
Craftbar,American New,False,L,None,Gramercy,3.5,690,http://www.yelp.com/biz/craftbar-new-york
Crema Restaurante,Mexican,True,D,D,Chelsea,3.5,534,http://www.yelp.com/biz/ole-cambridge-9
Crossroads American Kitchen and Bar,American New,True,LD,None,Times Square,2.5,36,http://www.yelp.com/biz/crossroads-american-kitchen-and-bar-new-york
Darbar,Indian,False,D,D,Midtown East,3.5,212,http://www.yelp.com/biz/darbar-fine-indian-cuisine-new-york-2
Darbar Grill,Indian,False,D,D,Midtown East,4.0,302,http://www.yelp.com/biz/darbar-grill-new-york
David Burke at Bloomingdale's,American New,False,D,D,Upper East Side,3.0,271,http://www.yelp.com/biz/david-burke-at-bloomingdales-new-york
David Burke Fishtail,Seafood,False,D,D,Upper East Side,3.5,528,http://www.yelp.com/biz/david-burke-fishtail-new-york
David Burke Kitchen,American New,False,LD,D,SoHo,4.0,819,http://www.yelp.com/biz/david-burke-kitchen-new-york
Davio's Northern Italian Steakhouse,Steakhouse,True,LD,D,Midtown East,4.0,89,http://www.yelp.com/biz/davios-northern-italian-steakhouse-new-york
DB Bistro Moderne,French,True,LD,D,Midtown West,3.5,495,http://www.yelp.com/biz/db-bistro-moderne-new-york
DBGB Kitchen and Bar,French,True,D,D,East Village,3.5,1157,http://www.yelp.com/biz/dbgb-kitchen-and-bar-new-york
Delmonico's Kitchen,American New,True,LD,D,Garment District,3.5,177,http://www.yelp.com/biz/delmonicos-kitchen-new-york-3
Delmonico's Restaurant,Steakhouse,True,LD,None,Financial District,3.5,562,http://www.yelp.com/biz/delmonicos-new-york
Docks Oyster Bar,Seafood,True,LD,D,Midtown East,3.5,311,http://www.yelp.com/biz/docks-oyster-bar-and-seafood-grill-new-york
Dos Caminos Meatpacking District,Mexican,False,LD,None,Meatpacking District,3.5,585,http://www.yelp.com/biz/dos-caminos-new-york-3
Dos Caminos Park Avenue,Mexican,False,LD,None,NoMad,3.5,770,http://www.yelp.com/biz/dos-caminos-new-york-5
Dos Caminos SoHo,Mexican,False,LD,None,SoHo,3.5,595,http://www.yelp.com/biz/dos-caminos-new-york-4
Dos Caminos Third Avenue,Mexican,False,LD,None,Midtown East,3.5,917,http://www.yelp.com/biz/dos-caminos-new-york-2
The Dutch,American New,True,L,None,SoHo,3.5,741,http://www.yelp.com/biz/the-dutch-new-york
E&E Grill House,American New,True,LD,D,Times Square,4.0,171,http://www.yelp.com/biz/e-and-e-grill-house-new-york
East & West,American New,True,LD,D,Hell's Kitchen,3.0,12,http://www.yelp.com/biz/east-and-west-new-york
Ed's Chowder House,Seafood,True,LD,D,Upper West Side,3.0,288,http://www.yelp.com/biz/eds-chowder-house-new-york
El Toro Blanco,Mexican,False,LD,D,West Village,3.5,205,http://www.yelp.com/biz/el-toro-blanco-new-york
El Vez,Mexican,True,LD,None,Battery Park City,3.5,208,http://www.yelp.com/biz/el-vez-new-york
Elan,American New,False,D,None,Flatiron District,4.0,92,http://www.yelp.com/biz/%C3%A9lan-new-york-2
Empellon Cocina,Mexican,True,D,None,East Village,3.5,206,http://www.yelp.com/biz/empellon-cocina-new-york
Empellon Taqueria,Mexican,True,LD,None,West Village,3.5,439,http://www.yelp.com/biz/empell%C3%B3n-taqueria-new-york
Empire Steak House - West 54th Street,Steakhouse,True,LD,D,Midtown West,3.5,505,http://www.yelp.com/biz/el-centro-new-york
En Japanese Brasserie,Japanese,True,L,None,West Village,4.0,914,http://www.yelp.com/biz/en-japanese-brasserie-new-york
Esca,Seafood,False,L,None,Hell's Kitchen,3.5,437,http://www.yelp.com/biz/esca-new-york
Essex,American New,True,D,D,Lower East Side,3.5,1336,http://www.yelp.com/biz/essex-new-york
Estiatorio Milos,Seafood,False,L,None,Midtown West,4.0,479,http://www.yelp.com/biz/estiatorio-milos-new-york
Etcetera Etcetera,Italian,True,LD,D,Hell's Kitchen,4.0,269,http://www.yelp.com/biz/etcetera-etcetera-new-york
Felice 15 Gold Street,Italian,True,LD,D,Financial District,3.5,77,http://www.yelp.com/biz/felice-15-gold-street-new-york-2
Felice 83,Italian,True,L,None,Upper East Side,3.5,98,http://www.yelp.com/biz/felice-83-new-york
Felidia,Italian,True,L,None,Midtown East,4.0,309,http://www.yelp.com/biz/felidia-new-york
Fig & Olive - Downtown,Mediterranean,True,LD,D,Meatpacking District,3.5,881,http://www.yelp.com/biz/fig-and-olive-new-york-2
Fig & Olive - Midtown,Mediterranean,True,LD,D,Midtown East,3.5,663,http://www.yelp.com/biz/fig-and-olive-new-york-3
Fig & Olive - Uptown,Mediterranean,True,LD,D,Upper East Side,3.5,295,http://www.yelp.com/biz/fig-and-olive-new-york
Fino Ristorante Italiano,Italian,True,LD,None,Financial District,4.0,208,http://www.yelp.com/biz/barbone-new-york
FishTag,Seafood,True,D,D,Upper West Side,4.0,299,http://www.yelp.com/biz/fishtag-new-york
Fogo de Chao Churrascaria Brazilian Steakhouse,Brazilian,True,LD,None,Midtown West,4.0,357,http://www.yelp.com/biz/fogo-de-ch%C3%A3o-brazilian-steakhouse-new-york-2
Fonda,Mexican,False,D,D,East Village,4.0,400,http://www.yelp.com/biz/fonda-new-york
The Fourth Restaurant,American New,True,LD,D,Union Square,3.5,386,http://www.yelp.com/biz/four-burgers-cambridge
Frankie & Johnnie's Steakhouse - 37th Street,Steakhouse,True,LD,None,Midtown West,3.5,89,http://www.yelp.com/biz/frankie-and-johnnies-steak-house-new-york
Fung Tu,Chinese,True,D,None,Lower East Side,4.0,96,http://www.yelp.com/biz/fung-tu-new-york
Gabriel's Bar & Restaurant,Italian,True,LD,None,Upper West Side,4.0,78,http://www.yelp.com/biz/gabriels-bar-and-restaurant-new-york
Gaby Brasserie Francaise,French,True,LD,D,Midtown West,3.5,1514,http://www.yelp.com/biz/les-halles-new-york-2
Gallaghers Steakhouse,Steakhouse,False,L,None,Times Square,4.0,177,http://www.yelp.com/biz/gallaghers-steakhouse-new-york
The Gander,American New,True,LD,None,Flatiron District,4.0,151,http://www.yelp.com/biz/the-gander-new-york
Gaonnuri,Korean,True,LD,D,Koreatown,3.5,361,http://www.yelp.com/biz/gaonnuri-new-york-3
Giorgio's of Gramercy,American New,True,LD,D,Gramercy,4.0,513,http://www.yelp.com/biz/giorgios-of-gramercy-new-york
Giovanni Rana Pastificio & Cucina,Italian,False,D,D,Chelsea,3.5,344,http://www.yelp.com/biz/giovanni-rana-pastificio-and-cucina-new-york
Glass House Tavern,American New,True,LD,D,Times Square,3.5,162,http://www.yelp.com/biz/glass-house-tavern-new-york
The Gorbals Brooklyn,American New,False,D,None,Williamsburg,4.0,88,http://www.yelp.com/biz/the-gorbals-brooklyn
Gotham Bar & Grill,American New,False,L,None,Greenwich Village,4.5,1024,http://www.yelp.com/biz/gotham-bar-and-grill-new-york
Gran Morsi,Italian,True,D,None,Financial District,4.5,61,http://www.yelp.com/biz/gran-morsi-new-york
Grape & Vine,American New,True,LD,D,Greenwich Village,3.5,68,http://www.yelp.com/biz/grape-and-vine-new-york-2
Grotta Azzurra Restaurant,Italian,True,LD,D,Little Italy,3.0,299,http://www.yelp.com/biz/grotta-azzurra-new-york
Hakkasan New York,Chinese,True,D,D,Hell's Kitchen,3.5,430,http://www.yelp.com/biz/hakkasan-new-york
HanGawi,Korean,True,L,D,Midtown East,4.0,674,http://www.yelp.com/biz/hangawi-new-york
Harlow,Seafood,True,LD,None,Midtown East,3.5,71,http://www.yelp.com/biz/harlow-new-york-2
Haru Amsterdam Avenue,Japanese,False,D,D,Upper West Side,3.5,146,http://www.yelp.com/biz/haru-sushi-new-york
Haru Gramercy Park,Japanese,True,LD,D,Union Square,3.5,419,http://www.yelp.com/biz/haru-boston
Haru Third Avenue,Japanese,True,LD,D,Upper East Side,4.0,109,http://www.yelp.com/biz/sushi-suki-new-york
Hatsuhana Sushi Restaurant,Japanese,False,LD,None,Midtown East,4.0,701,http://www.yelp.com/biz/hatsuhana-sushi-restaurant-new-york
Haveli,Indian,True,LD,D,Forest Hills/Rego Park,3.5,164,http://www.yelp.com/biz/haveli-forest-hills-2
i Trulli Ristorante/Enoteca,Italian,True,LD,D,NoMad,None,None,None
Il Buco Alimentari & Vineria,Italian,True,L,None,NoHo,3.5,323,http://www.yelp.com/biz/il-buco-alimentari-e-vineria-new-york
Il Cantinori Restaurant,Italian,True,LD,D,Greenwich Village,4.0,143,http://www.yelp.com/biz/il-cantinori-new-york
Il Mulino New York-Downtown,Italian,False,L,None,Greenwich Village,4.5,1024,http://www.yelp.com/biz/gotham-bar-and-grill-new-york
Il Mulino New York-Uptown,Italian,False,L,None,Upper East Side,None,None,None
Il Mulino Prime,Steakhouse,False,LD,D,SoHo,3.0,39,http://www.yelp.com/biz/il-mulino-prime-new-york
Il Mulino Trattoria,Italian,False,LD,D,Gramercy,3.5,100,http://www.yelp.com/biz/trattoria-il-mulino-new-york
ilili Restaurant,Mediterranean,False,LD,None,NoMad,4.0,1540,http://www.yelp.com/biz/ilili-new-york-2
Inakaya New York,Japanese,True,D,D,Times Square,3.5,278,http://www.yelp.com/biz/inakaya-new-york
Indochine,Vietnamese,True,D,D,NoHo,3.5,238,http://www.yelp.com/biz/indochine-new-york
Isabella's,Mediterranean,True,LD,None,Upper West Side,3.5,623,http://www.yelp.com/biz/isabellas-new-york
JoJo,French,False,LD,D,Upper East Side,4.0,442,http://www.yelp.com/biz/jojo-new-york
Junoon,Indian,True,LD,D,Chelsea,4.0,718,http://www.yelp.com/biz/junoon-new-york
Kefi,Greek,True,LD,D,Upper West Side,4.0,1016,http://www.yelp.com/biz/kefi-new-york-2
Kellari Taverna,Greek,True,D,D,Midtown West,3.5,305,http://www.yelp.com/biz/kellari-taverna-new-york
Ken & Cook,American New,True,LD,D,NoLIta,4.0,250,http://www.yelp.com/biz/ken-and-cook-new-york
Kin Shop,Thai,True,LD,D,Greenwich Village,3.5,380,http://www.yelp.com/biz/kin-shop-new-york
Koi SoHo,Asian Fusion,True,LD,D,Hudson Square,3.5,86,http://www.yelp.com/biz/koi-soho-new-york
Kristalbelli,Korean,True,LD,D,Koreatown,4.0,241,http://www.yelp.com/biz/kristalbelli-new-york
L'Ecole, The Restaurant of The International Culinary Center,Continental,True,LD,None,SoHo,4.0,485,http://www.yelp.com/biz/l-ecole-new-york
La Fonda Del Sol,Spanish,True,LD,None,Midtown East,3.5,225,http://www.yelp.com/biz/la-fonda-del-sol-new-york
La Loteria,Mexican,False,D,D,West Village,4.0,62,http://www.yelp.com/biz/la-loteria-new-york
La Masseria,Italian,True,LD,D,Times Square,4.0,293,http://www.yelp.com/biz/la-masseria-new-york
Lafayette,French,False,LD,D,NoHo,3.5,439,http://www.yelp.com/biz/lafayette-new-york-2
The Lambs Club Bar,American New,True,LD,None,Times Square,3.5,278,http://www.yelp.com/biz/the-lambs-club-new-york
Lavo Restaurant,Italian,True,LD,None,Midtown East,3.0,559,http://www.yelp.com/biz/lavo-new-york
Le Cirque,French,True,LD,None,Midtown East,3.5,699,http://www.yelp.com/biz/le-cirque-new-york
Le Colonial,Vietnamese,True,LD,D,Midtown East,3.5,162,http://www.yelp.com/biz/le-colonial-new-york
Le Perigord,French,False,LD,D,Midtown East,3.5,129,http://www.yelp.com/biz/le-perigord-new-york
Le Philosophe,French,True,D,D,NoHo,4.0,234,http://www.yelp.com/biz/le-philosophe-new-york
Left Bank,American New,True,D,D,West Village,4.0,152,http://www.yelp.com/biz/left-bank-new-york
The Leopard at des Artistes,Italian,True,D,D,Upper West Side,4.0,101,http://www.yelp.com/biz/the-leopard-at-des-artistes-new-york
Les Halles,French,False,LD,D,NoMad,3.5,1514,http://www.yelp.com/biz/les-halles-new-york-2
Les Halles - Downtown,French,False,LD,None,Financial District,3.5,599,http://www.yelp.com/biz/brasserie-les-halles-new-york-2
Lexington Brass,American New,False,D,D,Midtown East,3.5,398,http://www.yelp.com/biz/lexington-brass-new-york
The Library at The Public,American New,True,D,None,NoHo,4.0,100,http://www.yelp.com/biz/the-library-at-the-public-new-york
Lido,Italian,True,LD,None,Harlem,4.0,443,http://www.yelp.com/biz/lido-new-york
Limani,Mediterranean,True,LD,D,Midtown West,4.0,43,http://www.yelp.com/biz/limani-new-york
Lincoln Center Kitchen,American New,False,D,None,Upper West Side,2.5,6,http://www.yelp.com/biz/lincoln-center-kitchen-new-york-2
Lincoln Ristorante,Italian,True,L,None,Upper West Side,4.0,315,http://www.yelp.com/biz/lincoln-ristorante-new-york
The Lion,American Traditional,True,D,D,Greenwich Village,3.5,228,http://www.yelp.com/biz/the-lion-new-york
Little Park,American New,True,L,None,TriBeCa,4.0,110,http://www.yelp.com/biz/little-park-new-york
Lupa Osteria Romana,Italian,True,L,None,Greenwich Village,4.0,1048,http://www.yelp.com/biz/lupa-new-york
Lure Fishbar,Seafood,True,LD,D,SoHo,4.0,1024,http://www.yelp.com/biz/lure-fishbar-new-york
Macelleria,Steakhouse,True,LD,D,Meatpacking District,3.0,169,http://www.yelp.com/biz/macelleria-new-york
Macondo West,Latin American,True,D,D,West Village,3.5,70,http://www.yelp.com/biz/macondo-west-new-york
Maloney & Porcelli,Steakhouse,True,D,None,Midtown East,4.0,250,http://www.yelp.com/biz/maloney-and-porcelli-new-york
Manzo at Eataly,Italian,True,LD,None,Flatiron District,4.0,185,http://www.yelp.com/biz/manzo-new-york
MarkJoseph Steakhouse,Steakhouse,True,LD,D,Financial District,4.0,205,http://www.yelp.com/biz/markjoseph-steakhouse-new-york-2
Marseille,French,True,LD,D,Hell's Kitchen,3.5,556,http://www.yelp.com/biz/marseille-new-york
Masseria dei Vini,Italian,True,LD,D,Hell's Kitchen,4.5,107,http://www.yelp.com/biz/masseria-dei-vini-new-york
Match 65 Brasserie,French,True,LD,D,Upper East Side,3.5,68,http://www.yelp.com/biz/match-65-new-york-2
Maya,Mexican,True,LD,D,Upper East Side,3.5,441,http://www.yelp.com/biz/maya-new-york
Maze by Gordon Ramsay,French,False,L,None,Midtown West,3.5,551,http://www.yelp.com/biz/maze-by-gordon-ramsay-new-york
Mercer Kitchen,American New,False,LD,D,SoHo,3.5,992,http://www.yelp.com/biz/the-mercer-kitchen-new-york-5
Mezzogiorno Restaurant,Italian,True,LD,D,SoHo,3.5,109,http://www.yelp.com/biz/mezzogiorno-new-york
Michael Jordan's The Steak House N.Y.C.,Steakhouse,True,LD,D,Midtown East,3.0,266,http://www.yelp.com/biz/michael-jordans-the-steak-house-nyc-new-york
Michael's Restaurant,American New,False,LD,None,Midtown West,3.5,55,http://www.yelp.com/biz/michaels-new-york
Mint Restaurant,Indian,False,LD,D,Midtown East,3.0,182,http://www.yelp.com/biz/mint-new-york-3
Minton's,Soul Food/Southern,True,D,D,Harlem,4.0,78,http://www.yelp.com/biz/mintons-new-york
Miss Lily's,Caribbean,True,D,D,Greenwich Village,3.5,512,http://www.yelp.com/biz/miss-lilys-new-york
Miss Lily's 7A,Caribbean,True,LD,D,East Village,3.5,125,http://www.yelp.com/biz/miss-lilys-7a-cafe-new-york
Molyvos Restaurant,Greek,True,LD,D,Midtown West,3.5,299,http://www.yelp.com/biz/molyvos-new-york
Monkey Bar,American Traditional,True,LD,None,Midtown East,3.5,177,http://www.yelp.com/biz/monkey-bar-new-york
Montebello Restaurant,Italian,True,LD,None,Midtown East,3.0,54,http://www.yelp.com/biz/montebello-ristorante-italiano-new-york
The Morgan Dining Room,American New,False,L,None,Murray Hill,4.0,8,http://www.yelp.com/biz/the-morgan-dining-room-new-york
Morimoto NY,Japanese,True,L,None,Meatpacking District,4.0,2172,http://www.yelp.com/biz/morimoto-new-york
Morrell Wine Bar & Cafe,American New,False,LD,None,Midtown West,3.5,137,http://www.yelp.com/biz/morrell-wine-bar-and-cafe-new-york
Morton's Grille,American Traditional,False,LD,D,Gramercy,4.5,117,http://www.yelp.com/biz/mr-johns-steakhouse-new-orleans
Morton's The Steakhouse - Manhattan,Steakhouse,True,LD,D,Midtown East,4.0,272,http://www.yelp.com/biz/mortons-the-steakhouse-new-york-2
Morton's The Steakhouse - World Trade Center,Steakhouse,True,LD,D,Financial District,4.0,80,http://www.yelp.com/biz/mortons-the-steakhouse-new-york-3
Mr. Chow New York - 57th Street,Chinese,True,D,D,Midtown East,3.0,181,http://www.yelp.com/biz/mr-chow-new-york
Mr. Chow New York - Tribeca,Chinese,True,D,D,TriBeCa,3.5,223,http://www.yelp.com/biz/mr-chow-new-york-2
Mr. K's,Chinese,False,LD,D,Midtown East,3.0,146,http://www.yelp.com/biz/mr-ks-restaurant-new-york
Murray's Cheese Bar,American New,True,LD,D,Greenwich Village,4.0,352,http://www.yelp.com/biz/murrays-cheese-bar-new-york
Naples 45,Italian,True,LD,None,Midtown East,3.5,218,http://www.yelp.com/biz/naples-45-new-york
Narcissa,American New,True,L,None,East Village,4.0,233,http://www.yelp.com/biz/narcissa-new-york
The National Bar & Dining Rooms,American New,True,D,D,Midtown East,3.0,387,http://www.yelp.com/biz/the-national-bar-and-dining-rooms-new-york-2
Natsumi,Japanese,True,D,D,Times Square,4.0,405,http://www.yelp.com/biz/natsumi-new-york
Nice Matin,French,True,LD,D,Upper West Side,3.5,447,http://www.yelp.com/biz/nice-matin-new-york
Nick & Stef's Steakhouse,Steakhouse,True,LD,None,Midtown West,3.5,107,http://www.yelp.com/biz/nick-and-stefs-steakhouse-new-york
Nino's Restaurant,Italian,False,LD,None,Upper East Side,3.5,151,http://www.yelp.com/biz/ninos-restaurant-new-york
Nino's Tuscany Steakhouse,Italian,False,LD,None,Midtown West,4.0,120,http://www.yelp.com/biz/ninos-tuscany-steakhouse-new-york
Nobu New York,Japanese,True,L,None,TriBeCa,4.0,1088,http://www.yelp.com/biz/nobu-new-york
Nobu Next Door,Japanese,True,D,None,TriBeCa,4.0,1088,http://www.yelp.com/biz/nobu-new-york
North Square Restaurant & Lounge,American New,False,LD,D,Greenwich Village,4.0,206,http://www.yelp.com/biz/north-square-new-york
Nougatine at Jean-Georges,American New,False,LD,D,Upper West Side,4.0,754,http://www.yelp.com/biz/nougatine-at-jean-georges-new-york
NYY Steak - Manhattan,Steakhouse,True,LD,D,Midtown West,4.0,125,http://www.yelp.com/biz/nyy-steak-new-york
Obao Hell's Kitchen,Thai,False,LD,D,Hell's Kitchen,4.0,528,http://www.yelp.com/biz/obao-new-york-3
Obica Mozzarella Bar Pizza e Cucina,Italian,True,LD,None,Flatiron District,4.0,114,http://www.yelp.com/biz/obica-mozzarella-bar-pizza-and-cucina-new-york
Ocean Grill,Seafood,True,L,None,Upper West Side,4.0,395,http://www.yelp.com/biz/ocean-grill-new-york
Orsay Restaurant,French,True,LD,D,Upper East Side,3.5,153,http://www.yelp.com/biz/orsay-new-york
Orso Restaurant,Italian,True,L,None,Times Square,4.0,104,http://www.yelp.com/biz/orso-new-york
The Palm Court,American Traditional,True,D,D,Midtown West,3.5,100,http://www.yelp.com/biz/the-palm-court-new-york
Pampano,Mexican,False,LD,D,Midtown East,4.0,380,http://www.yelp.com/biz/pampano-new-york
Paramount Bar & Grill,American New,True,LD,None,Times Square,3.5,9,http://www.yelp.com/biz/paramount-bar-and-grill-new-york
Park Avenue Summer,American New,True,LD,None,NoMad,4.0,192,http://www.yelp.com/biz/park-avenue-autumn-winter-spring-summer-new-york-3
Parlor Steak & Fish,Steakhouse,True,LD,D,Upper East Side,3.5,333,http://www.yelp.com/biz/parlor-steakhouse-new-york-3
The Peacock,British,True,LD,None,Murray Hill,4.0,46,http://www.yelp.com/biz/the-peacock-new-york
Pera Mediterranean Brasserie,Mediterranean,True,D,D,Midtown East,3.5,278,http://www.yelp.com/biz/pera-mediterranean-brasserie-new-york
Pera SoHo,Mediterranean,True,LD,D,SoHo,3.5,180,http://www.yelp.com/biz/pera-soho-new-york
Perilla,American New,True,D,D,Greenwich Village,4.0,1140,http://www.yelp.com/biz/perilla-new-york-2
Periyali,Greek,False,LD,D,Flatiron District,4.0,156,http://www.yelp.com/biz/periyali-new-york
Perry Street,American New,False,LD,D,West Village,4.0,616,http://www.yelp.com/biz/perry-st-new-york
Pershing Square,American Traditional,True,LD,None,Midtown East,3.0,380,http://www.yelp.com/biz/pershing-square-new-york
Pete's Tavern,American Traditional,True,LD,D,Gramercy,3.0,72,http://www.yelp.com/biz/o-henrys-food-and-spirits-new-orleans-3
Petrossian,Continental,True,LD,None,Midtown West,3.5,179,http://www.yelp.com/biz/petrossian-new-york
Pigalle,French,True,LD,D,Times Square,3.0,348,http://www.yelp.com/biz/pigalle-new-york
Po,Italian,False,D,D,West Village,4.0,359,http://www.yelp.com/biz/p%C3%B3-new-york-2
Porter House New York,Steakhouse,False,L,None,Midtown West,3.5,355,http://www.yelp.com/biz/porter-house-new-york-new-york
Raymi,Peruvian,True,D,D,Flatiron District,4.0,281,http://www.yelp.com/biz/raymi-new-york
The Red Cat,American New,True,LD,D,Chelsea,4.0,1111,http://www.yelp.com/biz/drink-boston
Red Rooster Harlem,American New,False,L,None,Harlem,3.5,1335,http://www.yelp.com/biz/red-rooster-new-york-2
The Regency Bar & Grill,American New,True,D,D,Upper East Side,3.0,8,http://www.yelp.com/biz/the-regency-bar-and-grill-new-york
Remi Restaurant,Italian,False,LD,D,Midtown West,3.5,168,http://www.yelp.com/biz/remi-new-york
Restaurant Nippon,Japanese,False,LD,None,Midtown East,3.5,108,http://www.yelp.com/biz/nippon-new-york
Resto,French,True,LD,D,Murray Hill,3.5,553,http://www.yelp.com/biz/resto-new-york
Ristorante Morini,Italian,True,L,None,Upper East Side,4.0,66,http://www.yelp.com/biz/ristorante-morini-new-york
Riverpark,American New,True,L,None,Murray Hill,4.0,472,http://www.yelp.com/biz/riverpark-new-york
Rock Center Cafe,American Traditional,True,D,None,Midtown West,3.0,215,http://www.yelp.com/biz/rock-center-cafe-new-york
Rocking Horse Cafe,Mexican,True,LD,None,Chelsea,3.5,1415,http://www.yelp.com/biz/border-cafe-cambridge
Root & Bone,Soul Food/Southern,True,LD,D,East Village,4.0,437,http://www.yelp.com/biz/root-and-bone-new-york
Rosa Mexicano at First Avenue,Mexican,False,LD,D,Midtown East,3.5,327,http://www.yelp.com/biz/rosa-mexicano-new-york-5
Rosa Mexicano at Lincoln Center,Mexican,False,LD,D,Upper West Side,3.5,708,http://www.yelp.com/biz/rosa-mexicano-new-york-6
Rosa Mexicano at Union Square,Mexican,False,LD,D,Union Square,3.5,1415,http://www.yelp.com/biz/border-cafe-cambridge
Rossini's Restaurant,Italian,True,LD,D,Murray Hill,4.0,68,http://www.yelp.com/biz/rossinis-new-york
Ruby Foo's Times Square,Asian Fusion,False,LD,None,Times Square,3.0,516,http://www.yelp.com/biz/ruby-foos-new-york
The Russian Tea Room,Continental,True,LD,None,Midtown West,3.0,534,http://www.yelp.com/biz/the-russian-tea-room-new-york
Ruth's Chris Steak House,Steakhouse,True,LD,D,Times Square,4.0,443,http://www.yelp.com/biz/ruths-chris-steak-house-new-york-3
Sant Ambroeus - West Village,Italian,True,LD,D,West Village,3.5,149,http://www.yelp.com/biz/sant-ambroeus-new-york-2
Sant Ambroeus SoHo,Italian,True,LD,D,NoLIta,4.0,29,http://www.yelp.com/biz/sant-ambroeus-new-york-3
Sarabeth's Central Park South,American New,True,LD,D,Midtown West,3.5,920,http://www.yelp.com/biz/sarabeths-central-park-south-new-york
Sarabeth's Park Avenue South,American New,True,LD,D,NoMad,3.0,249,http://www.yelp.com/biz/sarabeths-new-york-5
Sarabeth's Tribeca,American New,True,LD,D,TriBeCa,3.5,365,http://www.yelp.com/biz/sarabeths-tribeca-new-york
Sarabeth's Upper East Side,American New,True,LD,D,Upper East Side,3.5,415,http://www.yelp.com/biz/sarabeths-new-york-6
Sarabeth's Upper West Side,American New,True,LD,D,Upper West Side,3.5,636,http://www.yelp.com/biz/sarabeths-west-new-york
Saul,American New,True,LD,None,Prospect Heights,3.5,67,http://www.yelp.com/biz/saul-restaurant-brooklyn-2
Savore Ristorante,Italian,True,LD,D,SoHo,3.5,93,http://www.yelp.com/biz/savore-ristorante-new-york
Sazon,Latin American,True,LD,D,TriBeCa,3.5,490,http://www.yelp.com/biz/sazon-new-york
Scaletta Ristorante,Italian,False,D,D,Upper West Side,3.5,51,http://www.yelp.com/biz/scaletta-ristorante-new-york-2
Scarpetta,Italian,True,D,None,Meatpacking District,4.0,1140,http://www.yelp.com/biz/scarpetta-new-york
The Sea Grill,Seafood,True,D,None,Midtown West,3.5,183,http://www.yelp.com/biz/the-sea-grill-new-york
Shun Lee Palace,Chinese,True,LD,D,Midtown East,3.0,164,http://www.yelp.com/biz/shun-lee-palace-new-york
Shun Lee West,Chinese,False,LD,D,Upper West Side,3.0,253,http://www.yelp.com/biz/shun-lee-west-new-york
Sirio Ristorante,Italian,True,L,None,Upper East Side,4.0,53,http://www.yelp.com/biz/sirio-ristorante-new-york
Smith & Wollensky,Steakhouse,True,L,None,Midtown East,3.5,777,http://www.yelp.com/biz/smith-and-wollensky-new-york
Smoke Jazz & Supper Club,American New,True,D,None,Upper West Side,4.0,205,http://www.yelp.com/biz/smoke-jazz-club-new-york
Smorgas Chef,Scandinavian,True,LD,None,Murray Hill,3.5,97,http://www.yelp.com/biz/smorgas-chef-new-york-7
Soba Nippon,Japanese,False,D,None,Midtown West,3.5,101,http://www.yelp.com/biz/soba-nippon-new-york
Socarrat Paella Bar - Chelsea,Spanish,True,LD,D,Chelsea,4.0,1348,http://www.yelp.com/biz/toro-boston
Socarrat Paella Bar - East,Spanish,True,LD,D,Midtown East,3.5,216,http://www.yelp.com/biz/socarrat-paella-bar-midtown-east-new-york-2
Socarrat Paella Bar - Nolita,Spanish,True,LD,D,NoLIta,4.0,235,http://www.yelp.com/biz/socarrat-paella-bar-new-york-4
Sofrito on the Hudson,Latin American,True,D,D,Harlem,3.0,25,http://www.yelp.com/biz/sofrito-manhattan
Southgate Bar & Restaurant,American New,True,LD,D,Midtown West,3.5,126,http://www.yelp.com/biz/southgate-bar-and-lounge-new-york
Spasso,American New,False,D,D,West Village,3.5,213,http://www.yelp.com/biz/spasso-new-york
Spice Market,Asian Fusion,False,LD,D,Meatpacking District,3.5,1838,http://www.yelp.com/biz/spice-market-new-york
The Stanton Social,American New,True,D,D,Lower East Side,4.0,2095,http://www.yelp.com/biz/the-stanton-social-new-york
State Grill and Bar,American New,True,LD,None,Garment District,4.5,31,http://www.yelp.com/biz/state-grill-and-bar-new-york
Stella 34 Trattoria,Italian,True,LD,D,Herald Square,4.0,306,http://www.yelp.com/biz/stella-34-trattoria-new-york
STK Midtown,Steakhouse,True,L,None,Midtown West,3.5,322,http://www.yelp.com/biz/stk-midtown-new-york
Strip House Midtown,Steakhouse,True,L,None,Midtown West,4.0,241,http://www.yelp.com/biz/strip-house-new-york-6
SushiSamba NYC West Village,Asian Fusion,True,LD,D,West Village,3.5,895,http://www.yelp.com/biz/sushisamba-new-york-6
Swifty's,American Traditional,True,LD,D,Upper East Side,3.0,28,http://www.yelp.com/biz/swiftys-new-york
T Bar Steak and Lounge,American New,False,LD,D,Upper East Side,3.5,87,http://www.yelp.com/biz/tbar-steak-and-lounge-new-york
Taboon,Mediterranean,True,D,D,Hell's Kitchen,4.0,339,http://www.yelp.com/biz/taboon-new-york
Tamarind Tribeca,Indian,False,L,None,TriBeCa,4.0,409,http://www.yelp.com/biz/tamarind-new-york-4
Tamba Indian Grill & Bar,Indian,True,LD,D,Kips Bay,3.0,154,http://www.yelp.com/biz/tamba-indian-grill-and-bar-new-york
Tao Uptown,Pan-Asian,True,L,None,Midtown East,3.5,1588,http://www.yelp.com/biz/tao-new-york-2
Tarallucci e Vino,Italian,True,LD,None,Union Square,3.5,230,http://www.yelp.com/biz/tarallucci-e-vino-new-york-2
Tavern on the Green,American New,True,LD,D,Central Park,3.0,359,http://www.yelp.com/biz/tavern-on-the-green-new-york-7
Ted's Montana Grill,American Traditional,True,D,D,Times Square,3.5,208,http://www.yelp.com/biz/teds-montana-grill-new-york
Telepan,American New,True,LD,D,Upper West Side,4.0,439,http://www.yelp.com/biz/telepan-new-york
Tender Restaurant & Lounge,American New,True,LD,None,Times Square,4.0,125,http://www.yelp.com/biz/tender-new-york-2
Tertulia,Spanish,True,L,D,West Village,3.5,307,http://www.yelp.com/biz/tertulia-new-york
Texas de Brazil,Brazilian,True,D,D,Upper East Side,3.5,114,http://www.yelp.com/biz/texas-de-brazil-new-york
Thalassa Restaurant,Greek,False,LD,None,TriBeCa,4.0,201,http://www.yelp.com/biz/thalassa-restaurant-new-york
Thalia Restaurant,American New,True,LD,D,Times Square,3.5,561,http://www.yelp.com/biz/thalia-restaurant-new-york
Todd English Food Hall,American New,True,LD,None,Midtown West,3.5,177,http://www.yelp.com/biz/todd-english-food-hall-new-york
Toloache,Mexican,True,LD,D,Times Square,4.0,1053,http://www.yelp.com/biz/toloache-new-york-2
Toloache Thompson,Mexican,True,LD,D,Greenwich Village,4.0,173,http://www.yelp.com/biz/toloache-new-york-4
Tribeca Grill,American New,True,LD,D,TriBeCa,3.5,406,http://www.yelp.com/biz/tribeca-grill-new-york-2
Triomphe Restaurant,French,True,LD,None,Midtown West,3.5,86,http://www.yelp.com/biz/triomphe-new-york-2
Tulsi,Indian,False,LD,D,Midtown East,3.5,210,http://www.yelp.com/biz/tulsi-new-york
Vermilion,Indian,True,LD,None,Midtown East,3.0,263,http://www.yelp.com/biz/vermilion-new-york-4
ViceVersa,Italian,True,LD,D,Hell's Kitchen,4.0,143,http://www.yelp.com/biz/viceversa-new-york
Victor's Cafe,Cuban,False,L,None,Times Square,4.0,811,http://www.yelp.com/biz/victors-cafe-new-york-6
The View Restaurant & Lounge,American New,True,D,None,Times Square,3.0,508,http://www.yelp.com/biz/the-view-restaurant-and-lounge-new-york
Villa Berulia,Italian,True,LD,None,Murray Hill,4.0,57,http://www.yelp.com/biz/villa-berulia-new-york
The Water Club,American Traditional,False,D,None,Midtown East,3.5,249,http://www.yelp.com/biz/the-water-club-new-york
Water's Edge Restaurant,American New,False,LD,None,Long Island City,3.0,244,http://www.yelp.com/biz/waters-edge-restaurant-long-island-city
The Wayfarer,American New,True,L,None,Midtown West,3.5,111,http://www.yelp.com/biz/the-wayfarer-new-york
The Wright,American New,True,L,None,Upper East Side,3.5,51,http://www.yelp.com/biz/the-wright-new-york
The Writing Room,American New,True,LD,D,Upper East Side,4.0,207,http://www.yelp.com/biz/the-writing-room-new-york
Yerba Buena,Latin American,True,D,D,East Village,4.0,621,http://www.yelp.com/biz/yerba-buena-new-york
Yerba Buena Perry,Latin American,True,D,D,West Village,4.0,455,http://www.yelp.com/biz/yerba-buena-perry-new-york
Zengo,Asian Fusion,True,LD,None,Midtown East,3.5,500,http://www.yelp.com/biz/zengo-new-york
Zio Ristorante,Italian,True,LD,D,Flatiron District,4.0,139,http://www.yelp.com/biz/zio-ristorante-new-york
Zuma,Japanese,True,LD,None,Murray Hill,3.5,135,http://www.yelp.com/biz/zuma-new-york-new-york
